<?xml version="1.0" encoding="utf-8" standalone="no"?>
<problem revision="18" short-name="present-cubinuous" url="https://polygon.codeforces.com/p3a2XJl/tnovikov/present-cubinuous">
    <names>
        <name language="russian" value="Present Cubinuous"/>
    </names>
    <statements>
        <statement charset="UTF-8" language="russian" mathjax="true" path="statements/russian/problem.tex" type="application/x-tex"/>
        <statement charset="UTF-8" language="russian" mathjax="true" path="statements/.html/russian/problem.html" type="text/html"/>
        <statement language="russian" path="statements/.pdf/russian/problem.pdf" type="application/pdf"/>
    </statements>
    <tutorials>
        <tutorial charset="UTF-8" language="russian" mathjax="true" path="statements/russian/tutorial.tex" type="application/x-tex"/>
    </tutorials>
    <judging cpu-name="Intel(R) Core(TM) i3-8100 CPU @ 3.60GHz" cpu-speed="3600" input-file="" output-file="" run-count="1">
        <testset name="tests">
            <time-limit>1000</time-limit>
            <memory-limit>268435456</memory-limit>
            <test-count>23</test-count>
            <input-path-pattern>tests/%02d</input-path-pattern>
            <answer-path-pattern>tests/%02d.a</answer-path-pattern>
            <tests>
                <test group="0" method="manual" points="0.0" sample="true"/>
                <test group="0" method="manual" points="0.0" sample="true"/>
                <test group="0" method="manual" points="0.0" sample="true"/>
                <test cmd="gen 4" from-file="4" group="1" method="generated" points="5.0"/>
                <test cmd="gen 4" from-file="5" group="1" method="generated" points="5.0"/>
                <test cmd="gen 4" from-file="6" group="2" method="generated" points="5.0"/>
                <test cmd="gen 4" from-file="7" group="2" method="generated" points="5.0"/>
                <test cmd="gen 4" from-file="8" group="2" method="generated" points="5.0"/>
                <test cmd="gen 4" from-file="9" group="2" method="generated" points="5.0"/>
                <test cmd="gen 4" from-file="10" group="1" method="generated" points="5.0"/>
                <test cmd="gen 4" from-file="11" group="1" method="generated" points="5.0"/>
                <test cmd="gen 4" from-file="12" group="1" method="generated" points="5.0"/>
                <test cmd="gen 4" from-file="13" group="2" method="generated" points="5.0"/>
                <test cmd="gen 4" from-file="14" group="2" method="generated" points="5.0"/>
                <test cmd="gen 4" from-file="15" group="2" method="generated" points="5.0"/>
                <test cmd="gen 4" from-file="16" group="2" method="generated" points="5.0"/>
                <test cmd="gen 4" from-file="17" group="1" method="generated" points="5.0"/>
                <test cmd="gen 4" from-file="18" group="1" method="generated" points="5.0"/>
                <test cmd="gen 4" from-file="19" group="2" method="generated" points="5.0"/>
                <test cmd="gen 4" from-file="20" group="2" method="generated" points="5.0"/>
                <test cmd="gen 4" from-file="21" group="2" method="generated" points="5.0"/>
                <test cmd="gen 4" from-file="22" group="2" method="generated" points="5.0"/>
                <test cmd="gen 4" from-file="23" group="2" method="generated" points="5.0"/>
            </tests>
            <groups>
                <group feedback-policy="points" name="0" points-policy="each-test"/>
                <group feedback-policy="points" name="1" points-policy="each-test"/>
                <group feedback-policy="points" name="2" points-policy="each-test"/>
            </groups>
        </testset>
    </judging>
    <files>
        <resources>
            <file path="files/olymp.sty"/>
            <file path="files/problem.tex"/>
            <file path="files/statements.ftl"/>
            <file path="files/testlib.h" type="h.g++"/>
            <file path="files/tutorial.tex"/>
        </resources>
        <executables>
            <executable>
                <source path="files/bigans_gen.cpp" type="cpp.g++17"/>
            </executable>
            <executable>
                <source path="files/gen.cpp" type="cpp.g++17"/>
            </executable>
            <executable>
                <source path="files/small_gen.cpp" type="cpp.g++17"/>
            </executable>
            <executable>
                <source path="files/validator.cpp" type="cpp.g++17"/>
            </executable>
        </executables>
    </files>
    <assets>
        <checker name="std::ncmp.cpp" type="testlib">
            <source path="files/check.cpp" type="cpp.g++17"/>
            <copy path="check.cpp"/>
            <testset>
                <test-count>0</test-count>
                <input-path-pattern>files/tests/checker-tests/%02d</input-path-pattern>
                <output-path-pattern>files/tests/checker-tests/%02d.o</output-path-pattern>
                <answer-path-pattern>files/tests/checker-tests/%02d.a</answer-path-pattern>
                <tests/>
            </testset>
        </checker>
        <validators>
            <validator>
                <source path="files/validator.cpp" type="cpp.g++17"/>
                <testset>
                    <test-count>8</test-count>
                    <input-path-pattern>files/tests/validator-tests/%02d</input-path-pattern>
                    <tests>
                        <test verdict="valid"/>
                        <test verdict="invalid"/>
                        <test verdict="valid"/>
                        <test verdict="valid"/>
                        <test verdict="valid"/>
                        <test verdict="invalid"/>
                        <test verdict="invalid"/>
                        <test verdict="invalid"/>
                    </tests>
                </testset>
            </validator>
        </validators>
        <solutions>
            <solution tag="wrong-answer">
                <source path="solutions/bad_solution.py" type="python.3"/>
            </solution>
            <solution tag="wrong-answer">
                <source path="solutions/bad_solution1.py" type="python.3"/>
            </solution>
            <solution tag="wrong-answer">
                <source path="solutions/bad_solution2.py" type="python.3"/>
            </solution>
            <solution tag="main">
                <source path="solutions/solution.py" type="python.3"/>
            </solution>
            <solution tag="accepted">
                <source path="solutions/solution_dk.py" type="python.3"/>
            </solution>
            <solution tag="accepted">
                <source path="solutions/tutorial.py" type="python.3"/>
            </solution>
        </solutions>
    </assets>
    <properties>
        <property name="tests-wellformed" value="true"/>
    </properties>
    <stresses>
        <stress-count>0</stress-count>
        <stress-path-pattern>stresses/%03d</stress-path-pattern>
        <list/>
    </stresses>
</problem>
