{"extraResources":{"example.01.mu":"TVXzATMNCjMNCjMNCg==","example.02.mu":"TVXzATQNCjENCjUNCg==","example.03.mu":"TVXzATINCjQNCjQNCg=="},"scoring":"Решения, правильно работающие, когда числа $A$, $B$, $K$ не превосходят $100$, будут оцениваться в~35 баллов.\n","notes":"Возможные способы уложить квадраты для примеров из условия:\n\n\\begin{center}\n  \\begin{tabular}{ccc}\n      \\includegraphics[width=4.5cm]{test1.png} &\n      \\includegraphics[width=3cm]{test2.png} &\n      \\includegraphics[width=2.25cm]{test3.png}\n\\\\\n      \\small{Пример 1} &\n      \\small{Пример 2} &\n      \\small{Пример 3}\n  \\end{tabular}\n\\end{center}\n\nВо втором примере Василисе подарили $4$ квадрата со стороной $2$ (изображены на рисунке красным) и $1$ квадрат со стороной $1$ (изображен на рисунке жёлтым). Также известно, что ширина коробки (вертикальная сторона) равна $5$. Тогда минимальная длина (горизонтальная сторона) коробки, которая вмещает все квадраты, равна $4$. Пример расположения квадратов в такой коробке изображён на рисунке. Можно показать, что в коробку со стороной меньше $4$ все квадраты поместить нельзя.\n","legend":"У Василисы сегодня день рождения! Она позвала всех своих друзей в гости пить чай. Борис, как и полагается, хочет принести Василисе подарок, поэтому он купил $A$ замечательных квадратов со стороной~$2$, а~также $B$ прекрасных квадратов со стороной~$1$. Осталось только найти подходящую упаковку в~Бесконечном магазине.\n\nБорис обнаружил, что в магазине есть много подарочных коробок. Вот только из соображений стандартизации ширина каждой коробки равна~$K$. Но хоть в чём-то название магазина остаётся не просто маркетинговым ходом: таких коробок тут бесконечно много, и можно найти коробку любой целочисленной длины.\n\nБорис очень просит вас помочь ему выбрать коробку ширины $K$ и минимальной длины, в которую он может положить все свои подарки так, чтобы \\textbf{стороны подарков были параллельны сторонам коробки}.","authorLogin":"tnovikov","language":"russian","timeLimit":1000,"output":"Выведите одно число $X$~--- минимальную длину коробки такую, что в коробку $K \\times X$ вместятся все подаренные квадраты, уложенные параллельно сторонам коробки.","inputFile":"stdin","outputFile":"stdout","input":"Первая строка входных данных содержит целое число $A$ ($0 \\le A \\le 10^8$)~--- количество квадратов со стороной~$2$.\n\nВторая строка содержит целое число $B$ ($0 \\le B \\le 10^8$)~--- количество квадратов со стороной~$1$.\n\nТретья строка содержит целое число $K$ ($2 \\le K \\le 10^8$)~--- ширину каждой коробки в~магазине.\n\nГарантируется, что $A + B > 0$, то есть Василисе подарили хотя бы один квадрат.\n","authorName":"Timofey Novikov","sampleTests":[{"output":"6\n","input":"3\n3\n3\n","inputFile":"example.01","outputFile":"example.01.a"},{"output":"4\n","input":"4\n1\n5\n","inputFile":"example.02","outputFile":"example.02.a"},{"output":"3\n","input":"2\n4\n4\n","inputFile":"example.03","outputFile":"example.03.a"}],"name":"Present Cubinuous","interaction":null,"memoryLimit":268435456,"tutorial":"\\medskip\n\nНа длину коробки есть $2$ ограничения:\n\n\\begin{itemize}\n\n\\item Возможность разместить все квадраты $2 \\times 2$.\n\n\\item Суммарная площадь всех квадратов должна быть не меньше площади коробки.\n\n\\end{itemize}\n\nОбозначим длину коробки $L$. Тогда каждое из этих условий даёт нам минимальную длину, которую должна иметь коробка:\n\n\\begin{itemize}\n\n\\item Если ширина коробки равна $K$, то по вертикали можно поместить $\\lfloor \\frac{K}{2} \\rfloor$ квадратов (деление с округлением вниз, на Python обозначается $//$, а в C++ используется $/$). Значит, чтобы поместить все квадраты, длина коробки $L \\ge 2 \\cdot \\lceil \\frac{A}{K // 2} \\rceil$ (округление вверх).\n\n\\item Суммарная площадь всех квадратов должна быть не меньше площади коробки. Значит, длина коробки $L \\ge \\lceil \\frac{4 \\cdot A + B}{k} \\rceil$.\n\n\\end{itemize}\n\nЗначит, чтобы оба условия выполнялись, длина коробки должна быть равна максимуму из $ 2 \\cdot \\lceil \\frac{A}{K // 2} \\rceil$ и $\\lceil \\frac{4 \\cdot A + B}{k} \\rceil$.\n\n\\medskip\n\nЧтобы вычислить $\\lceil \\frac{a}{b} \\rceil$, можно использовать функцию $ceil$, которая округляет вверх число с плавающей точкой, и ответом будет $math.ceil(a / b)$. Во избежание использования нецелых чисел можно вычислить деление с округлением вверх в целых числах: $(a + b - 1) // b$.\n\nИтоговый код решения выглядит так:\n\n\\begin{lstlisting}[language=Python, frame=single]\na = int(input())\nb = int(input())\nk = int(input())\n \nsquares_vertical = k // 2\ncond1 = 2 * ((a + (squares_vertical - 1)) // squares_vertical)\ncond2 = (4 * a + b + (k - 1)) // k\nprint(max(cond1, cond2))\n\\end{lstlisting}"}
